channel,multiplier,impressions,assumed_spend,contribution_mean,contribution_hdi_lower,contribution_hdi_upper
Google_Impressions,0.0,0.0,0.0,8.02667702845975e-14,1.3967988074650693e-18,2.625482229028855e-13
Google_Impressions,0.1,260357201.05,13668753.055125,1031892.8989556509,574780.2815295677,1581847.1999207183
Google_Impressions,0.2,520714402.1,27337506.11025,4101645.088939495,2576312.5379928593,5578947.241502784
Google_Impressions,0.30000000000000004,781071603.1500001,41006259.165375,9155601.056278236,6284349.042990976,11894158.295119023
Google_Impressions,0.4,1041428804.2,54675012.2205,16099013.783030419,11803660.484868769,20236793.894112676
Google_Impressions,0.5,1301786005.25,68343765.27562499,24808629.89773189,18575749.6464076,29865438.915567677
Google_Impressions,0.6000000000000001,1562143206.3000002,82012518.33075,35146457.498262145,28441357.431603316,42712634.311789796
Google_Impressions,0.7000000000000001,1822500407.3500001,95681271.38587502,46970845.58194597,39172248.40184954,56216711.47071762
Google_Impressions,0.8,2082857608.4,109350024.441,60143906.40633616,51066023.88156572,71050393.06806126
Google_Impressions,0.9,2343214809.4500003,123018777.496125,74535656.54314917,62753872.646176495,85561173.03557003
Google_Impressions,1.0,2603572010.5,136687530.55124998,90025807.7163064,76460139.14933473,101425472.3443287
Google_Impressions,1.1,2863929211.55,150356283.606375,106504130.29319076,91425340.37118673,118816957.70602925
Google_Impressions,1.2000000000000002,3124286412.6000004,164025036.6615,123870072.07182108,106709594.4671051,137314964.27611694
Google_Impressions,1.3,3384643613.65,177693789.716625,142032057.32684615,127257088.98136924,160128241.04882807
Google_Impressions,1.4000000000000001,3645000814.7000003,191362542.77175003,160906697.82333994,144368855.75543565,180327945.67464903
Google_Impressions,1.5,3905358015.75,205031295.826875,180418026.29534778,162481062.02669102,201371224.2968336
Google_Impressions,1.6,4165715216.8,218700048.882,200496795.66711584,180020159.1849518,222433877.82088065
Google_Impressions,1.7000000000000002,4426072417.85,232368801.93712503,221079853.9253568,199013669.93105978,244488511.24559027
Google_Impressions,1.8,4686429618.900001,246037554.99225,242109590.1128546,218203839.28404364,267090841.3998912
Google_Impressions,1.9000000000000001,4946786819.950001,259706308.04737502,263533442.1040713,238143600.97805506,290819310.6020435
Google_Impressions,2.0,5207144021.0,273375061.10249996,285303456.4162728,256901639.06952605,313466431.85652465
Facebook_Impressions,0.0,0.0,0.0,0.09356449059793692,2.338825748571156e-12,0.0032001580113842926
Facebook_Impressions,0.1,79190110.4,570168.7948800001,3563349.701313008,431145.26148776966,7613578.599313591
Facebook_Impressions,0.2,158380220.8,1140337.5897600001,7617976.344878615,1447819.8607765045,14746250.827081865
Facebook_Impressions,0.30000000000000004,237570331.20000005,1710506.3846400003,11890504.159621205,2843468.324089769,21563491.227454245
Facebook_Impressions,0.4,316760441.6,2280675.1795200002,16290980.900680516,4621846.449501572,28247237.528936688
Facebook_Impressions,0.5,395950552.0,2850843.9744,20770912.80507325,7255965.962729037,35212931.10272153
Facebook_Impressions,0.6000000000000001,475140662.4000001,3421012.7692800006,25299858.644158993,9698543.191859016,41176283.75865853
Facebook_Impressions,0.7000000000000001,554330772.8000001,3991181.5641600005,29857153.668346595,12360579.299304122,47399511.248741604
Facebook_Impressions,0.8,633520883.2,4561350.3590400005,34428087.8467507,15188982.794556605,53476334.275186844
Facebook_Impressions,0.9,712710993.6,5131519.15392,39001854.68886652,18234092.09668326,59536550.010497294
Facebook_Impressions,1.0,791901104.0,5701687.9488,43570338.21550682,22851962.70233045,66467927.29447533
Facebook_Impressions,1.1,871091214.4000001,6271856.74368,48127345.59408399,27921159.707825538,74073819.88250646
Facebook_Impressions,1.2000000000000002,950281324.8000002,6842025.538560001,52668097.19212301,31288961.570608787,79617444.81898317
Facebook_Impressions,1.3,1029471435.2,7412194.33344,57188874.750100836,33733439.35196895,83712402.41358744
Facebook_Impressions,1.4000000000000001,1108661545.6000001,7982363.128320001,61686771.373684555,37086297.52744968,88893491.5520145
Facebook_Impressions,1.5,1187851656.0,8552531.9232,66159509.57747605,41640498.97890168,95182263.48981628
Facebook_Impressions,1.6,1267041766.4,9122700.718080001,70605306.19922361,43382466.885956086,98725632.12670602
Facebook_Impressions,1.7000000000000002,1346231876.8000002,9692869.512960002,75022770.40746753,48317624.85822843,105123981.16112393
Facebook_Impressions,1.8,1425421987.2,10263038.30784,79410825.56909287,50780116.00503312,109100139.76193132
Facebook_Impressions,1.9000000000000001,1504612097.6000001,10833207.102720002,83768648.63098282,54251750.21250191,113952304.27202079
Facebook_Impressions,2.0,1583802208.0,11403375.8976,88095622.56020291,57734705.97877706,118847791.32358079
Email_Impressions,0.0,0.0,0.0,3.05295619578605e-18,1.7851125985251864e-26,8.573668595782103e-19
Email_Impressions,0.1,222911682.761017,334367.5241415255,174537.74842367377,48813.658716024205,364165.9191079471
Email_Impressions,0.2,445823365.522034,668735.048283051,1023038.2669861598,429519.6524535765,1864796.752320474
Email_Impressions,0.30000000000000004,668735048.283051,1003102.5724245765,2895585.4956749096,1427928.0566229497,4820107.529659272
Email_Impressions,0.4,891646731.044068,1337470.096566102,6059472.056369584,3318586.084858785,9301491.338948617
Email_Impressions,0.5,1114558413.805085,1671837.6207076274,10723999.368218048,6518961.601622169,15730072.291254727
Email_Impressions,0.6000000000000001,1337470096.566102,2006205.144849153,17047931.011796374,11185223.559983004,23968728.816667046
Email_Impressions,0.7000000000000001,1560381779.327119,2340572.6689906786,25145343.85947669,17482130.502200108,34115979.72587588
Email_Impressions,0.8,1783293462.088136,2674940.193132204,35091693.23413296,25394921.76616702,45905139.28112308
Email_Impressions,0.9,2006205144.849153,3009307.7172737294,46929759.6310071,35813558.14703355,60526682.28940198
Email_Impressions,1.0,2229116827.61017,3343675.241415255,60675185.24266294,47978498.48971214,76683857.23661996
Email_Impressions,1.1,2452028510.371187,3678042.7655567806,76321567.22602947,60292185.01640543,92755048.30868684
Email_Impressions,1.2000000000000002,2674940193.132204,4012410.289698306,93845111.88301659,75714789.36332573,111726719.78647307
Email_Impressions,1.3,2897851875.893221,4346777.813839831,113208799.41259879,92988641.61171152,133184027.87364128
Email_Impressions,1.4000000000000001,3120763558.654238,4681145.337981357,134365989.26000684,113897865.31634894,159024351.0158192
Email_Impressions,1.5,3343675241.4152546,5015512.862122882,157263423.40698615,134938710.7414011,185843252.17209575
Email_Impressions,1.6,3566586924.176272,5349880.386264408,181843629.05428958,152417559.65074208,208630390.19062632
Email_Impressions,1.7000000000000002,3789498606.937289,5684247.910405934,208046760.96407643,176201322.74303013,238451624.7933478
Email_Impressions,1.8,4012410289.698306,6018615.434547459,235811949.86151862,199921692.97364837,268942924.2301182
Email_Impressions,1.9000000000000001,4235321972.459323,6352982.958688984,265078236.90691718,225189113.3639828,303643648.12024117
Email_Impressions,2.0,4458233655.22034,6687350.48283051,295785177.7557301,250680982.8068017,339316740.2757635
Affiliate_Impressions,0.0,0.0,0.0,0.08095689341649226,5.035016186663429e-23,3.7557436410724185e-06
Affiliate_Impressions,0.1,6757636.800000001,27030.547200000005,138759083.07099637,33921154.40157023,277607864.8365535
Affiliate_Impressions,0.2,13515273.600000001,54061.09440000001,202606465.31438878,58342467.682721764,354593099.7654952
Affiliate_Impressions,0.30000000000000004,20272910.400000002,81091.6416,235801658.15882477,77778684.23863137,398860561.711433
Affiliate_Impressions,0.4,27030547.200000003,108122.18880000002,255652211.6768847,86244209.56772876,425896063.9735425
Affiliate_Impressions,0.5,33788184.0,135152.736,268669186.385489,85581645.26591834,438386502.29243714
Affiliate_Impressions,0.6000000000000001,40545820.800000004,162183.2832,277779554.3575858,90614211.19046625,449255819.6624905
Affiliate_Impressions,0.7000000000000001,47303457.6,189213.8304,284470944.05955607,94687657.48600361,457157862.5418948
Affiliate_Impressions,0.8,54061094.400000006,216244.37760000004,289570703.6962584,97370119.48507605,463129687.81528926
Affiliate_Impressions,0.9,60818731.2,243274.9248,293571931.8631651,98699544.77118725,467778209.31794673
Affiliate_Impressions,1.0,67576368.0,270305.472,296785193.137032,99770798.97754559,471482002.6168308
Affiliate_Impressions,1.1,74334004.80000001,297336.01920000004,299415136.59344846,100649834.4210332,474489336.56358224
Affiliate_Impressions,1.2000000000000002,81091641.60000001,324366.5664,301601801.25421625,101381970.60786474,476969699.6766598
Affiliate_Impressions,1.3,87849278.4,351397.11360000004,303444116.45827353,101999389.0114188,479042662.2238965
Affiliate_Impressions,1.4000000000000001,94606915.2,378427.6608,305013895.08370775,102525584.3088274,480794912.1921795
Affiliate_Impressions,1.5,101364552.0,405458.208,306364498.5963074,102978118.38588206,482290760.6438001
Affiliate_Impressions,1.6,108122188.80000001,432488.7552000001,307536388.80050194,103370386.13654661,483578864.3535169
Affiliate_Impressions,1.7000000000000002,114879825.60000001,459519.30240000004,308560792.9145702,103712783.60323513,484696666.2783752
Affiliate_Impressions,1.8,121637462.4,486549.8496,309462187.9098038,104013502.29809752,485673409.951012
Affiliate_Impressions,1.9000000000000001,128395099.2,513580.3968,310260024.46160036,104279082.62201163,486532235.1160763
Affiliate_Impressions,2.0,135152736.0,540610.944,310969948.5326803,104514807.84757018,487291665.40319955
Paid_Views,0.0,0.0,0.0,1.6528167324698757,5.3878622055379156e-24,1.677095337821012e-09
Paid_Views,0.1,4449775.4,111244.38500000001,389592.5247624551,14773.226353037116,588192.5370797517
Paid_Views,0.2,8899550.8,222488.77000000002,980969.8258128187,118857.73148321528,1689325.2730063235
Paid_Views,0.30000000000000004,13349326.200000001,333733.155,1825796.3761513268,263619.36987639224,3017739.0212188214
Paid_Views,0.4,17799101.6,444977.54000000004,2920218.4700156734,815457.6133806389,4890648.482771838
Paid_Views,0.5,22248877.0,556221.925,4255633.019225112,1350671.9925184813,6842256.0601842785
Paid_Views,0.6000000000000001,26698652.400000002,667466.31,5820969.637435593,2407627.369570907,9578444.378100073
Paid_Views,0.7000000000000001,31148427.800000004,778710.6950000001,7603684.064980253,3420211.934314699,12321945.375596274
Paid_Views,0.8,35598203.2,889955.0800000001,9590492.511375345,4154358.862731561,14773410.168725045
Paid_Views,0.9,40047978.6,1001199.4650000001,11767949.942155099,5689936.446992709,18073723.358511753
Paid_Views,1.0,44497754.0,1112443.85,14122880.033515675,7247620.688192787,21300142.071460437
Paid_Views,1.1,48947529.400000006,1223688.235,16642667.15023164,8521511.186452735,24952419.977453988
Paid_Views,1.2000000000000002,53397304.800000004,1334932.62,19315431.604478844,10784095.636494916,29865518.433401193
Paid_Views,1.3,57847080.2,1446177.0050000001,22130114.560800727,12591039.28155504,33626378.24604528
Paid_Views,1.4000000000000001,62296855.60000001,1557421.3900000001,25076498.355728768,14481954.061179347,38018251.03932695
Paid_Views,1.5,66746631.0,1668665.775,28145184.1965983,15583066.981292685,42166670.94010126
Paid_Views,1.6,71196406.4,1779910.1600000001,31327544.310827687,17164349.423840918,46990108.25911796
Paid_Views,1.7000000000000002,75646181.80000001,1891154.5450000002,34615660.90263159,20172984.816865847,53303152.21040355
Paid_Views,1.8,80095957.2,2002398.9300000002,38002260.31727744,21711630.312334877,58100301.842658184
Paid_Views,1.9000000000000001,84545732.60000001,2113643.315,41480647.76483224,24374810.568337403,64555887.56773951
Paid_Views,2.0,88995508.0,2224887.7,45044645.74936124,22856328.026646987,66523012.52945543
